{
  "value": 0.14138315141174657,
  "params": {
    "width": 48,
    "depth": 5,
    "lr": 0.0010165558775187275,
    "batch": 384,
    "adaptive_beta": 0.7632496037584393
  },
  "trial": 3
}