{
  "value": 0.26292745890191493,
  "params": {
    "width": 48,
    "depth": 5,
    "lr": 0.0010009286342457578,
    "batch": 128
  },
  "trial": 91
}