{
  "value": 0.03196951644208992,
  "params": {
    "width": 80,
    "depth": 4,
    "lr": 0.0014140323998533286,
    "batch": 384,
    "adaptive_beta": 0.9691843191674222
  },
  "trial": 91
}