modelo,error_l2,tiempo_s,lambda_ic_final,lambda_bc_final
M1,0.29313407484379533,134.4701570210018,1.0,1.0
M2,0.10291221862214016,421.2253234390082,219148.36289667423,276036.6833245801
