modelo,error_l2,tiempo_s,lambda_ic_final,lambda_bc_final
M1,0.26433273577756233,208.3384186589974,1.0,1.0
M2,0.028535108260433838,211.48864892599522,154084.82532087917,251158.3704842895
