modelo,mean,std,min,max,count
M1,0.24013603612339007,0.022498153102995775,0.2259516342147916,0.2660768165975722,3
M2,0.05513838544978586,0.023188060105038887,0.028417186090976012,0.0699718259403279,3
