optimizador,error_l2,tiempo_s,lambda_ic_final,lambda_bc_final
adam+lbfgs_10,0.1668987351319553,109.02096626699495,26.971936839917042,131.12193084801117
adam,0.1763403454762344,122.15208332300244,26.971936839917042,131.12193084801117
adamw,0.1763403454762344,71.27368299699447,26.971936839917042,131.12193084801117
sgd,,116.69107528800669,,
