{
  "regimen": "optuna_trial_82",
  "trial": 82,
  "short_error_l2": 0.064266544271197,
  "width": 80,
  "depth": 3,
  "lr": 0.0020667030862179,
  "batch": 256,
  "adaptive_beta": 0.9609402971992412,
  "seed": 0,
  "iters": 3000,
  "long_error_l2": 0.028417186090976012,
  "lambda_ic_final": 154084.82532087923,
  "lambda_bc_final": 251158.37048428957,
  "tiempo_s": 214.39951694499177
}