{
  "regimen": "m1_optuna_trial_83",
  "trial": 83,
  "short_error_l2": 0.2771569814183507,
  "width": 48,
  "depth": 5,
  "lr": 0.0020996352226311,
  "batch": 128,
  "seed": 0,
  "iters": 3000,
  "long_error_l2": 0.1845979044097962,
  "lambda_ic_final": 1.0,
  "lambda_bc_final": 1.0,
  "tiempo_s": 242.09595303599963
}